{"cameraMode":{"drawMode":0,"name":"Shaded","section":"Shading Mode"},"sceneLighting":false,"audioPlay":false,"sceneViewState":{"showFog":true,"showMaterialUpdate":true,"showSkybox":false,"showFlares":true,"showImageEffects":true,"showParticleSystems":true},"in2DMode":false,"pivot":{"x":0.13239288330078126,"y":13.4235258102417,"z":-0.01035308837890625},"rotation":{"x":-0.08053699135780335,"y":0.8555868864059448,"z":-0.14010053873062135,"w":-0.4918080270290375},"size":268.0008850097656,"orthographic":false}