{"cameraMode":{"drawMode":0,"name":"Shaded","section":"Shading Mode"},"sceneLighting":false,"audioPlay":false,"sceneViewState":{"showFog":true,"showMaterialUpdate":true,"showSkybox":false,"showFlares":true,"showImageEffects":true,"showParticleSystems":true},"in2DMode":false,"pivot":{"x":-0.0013159029185771943,"y":0.054327670484781268,"z":0.10094690322875977},"rotation":{"x":-0.032207831740379336,"y":-0.8184897899627686,"z":0.045556891709566119,"w":-0.5723142027854919},"size":1.1255671977996827,"orthographic":false}