{"cameraMode":{"drawMode":0,"name":"Shaded","section":"Shading Mode"},"sceneLighting":true,"audioPlay":false,"sceneViewState":{"showFog":true,"showMaterialUpdate":true,"showSkybox":true,"showFlares":true,"showImageEffects":true,"showParticleSystems":true},"in2DMode":false,"pivot":{"x":11.629589080810547,"y":1.2530341148376465,"z":13.558748245239258},"rotation":{"x":-0.011002075858414173,"y":-0.954213559627533,"z":0.03460102900862694,"w":-0.2979598343372345},"size":2.372835636138916,"orthographic":false}