{"cameraMode":{"drawMode":0,"name":"Shaded","section":"Shading Mode"},"sceneLighting":true,"audioPlay":false,"sceneViewState":{"showFog":true,"showMaterialUpdate":true,"showSkybox":true,"showFlares":true,"showImageEffects":true,"showParticleSystems":true},"in2DMode":false,"pivot":{"x":3.08425235748291,"y":5.223426342010498,"z":4.288820266723633},"rotation":{"x":0.0037525121588259937,"y":0.9684751033782959,"z":0.011115334928035736,"w":-0.2503681182861328},"size":25.711660385131837,"orthographic":false}