{"cameraMode":{"drawMode":0,"name":"Shaded","section":"Shading Mode"},"sceneLighting":false,"audioPlay":false,"sceneViewState":{"showFog":true,"showMaterialUpdate":true,"showSkybox":false,"showFlares":true,"showImageEffects":true,"showParticleSystems":true},"in2DMode":false,"pivot":{"x":-0.00028071925044059753,"y":0.017348460853099824,"z":0.0385470986366272},"rotation":{"x":-0.0842909961938858,"y":-0.3106290400028229,"z":0.027660302817821504,"w":-0.9466913938522339},"size":1.188755989074707,"orthographic":false}